,mean,std
HR,84.66097759100496,17.382735753018792
O2Sat,97.18451927581768,2.958900091066039
Temp,36.97436783227767,0.7717295298344969
SBP,123.64338307401965,23.109250875204744
MAP,82.37084326628721,16.310123743556055
DBP,63.81861313419089,13.923917023742101
Resp,18.741090898038625,5.095468492659548
EtCO2,32.83518064451561,8.021515408430504
Age,61.9968884032575,16.378053140164305
Gender,0.5614442190967747,0.4962104738023779
